<?xml version="1.0"?>
<transaccion MovCerrado="true" Recalcular="true">   <!--Dato fijo-->
                <USUARIO>624154454F2912704B06435E06425001703E0BE3AFBC</USUARIO> <!--Dato fijo-->
                <CLAVE>624154454F2912704B06435E06425001706657A2F2</CLAVE>   <!--Dato fijo-->
                <encabezado>
                    <ENCDescripcion>Pedido Web</ENCDescripcion> <!--Dato fijo-->
                    <GMVCodigo>ADM</GMVCodigo><!--Dato fijo-->
                    <MOVCodigo>PEDWEB</MOVCodigo><!--Dato fijo-->
                    <movimiento>Standar</movimiento><!--Dato fijo-->
                    <USUCodigo>Admin</USUCodigo><!--Usuario Fijo definido por BTCC-->
                    <CAJCodigo>A0401</CAJCodigo><!--codigo de caja indicado por BTCC-->
                    <IDEMP>BTCC</IDEMP> <!--Dato fijo-->

                    <ALMCodigo>A04</ALMCodigo><!--Codigo de almacen segun codigo de caja ingresada en la captura CAJCodigo-->
                    <ALMNombre>COMEDOR PRINCIPAL</ALMNombre><!--Nombre de almacen segun codigo de almacen ingresada en la captura ALMCcodigo-->
                    
                    <MONCodigo>1</MONCodigo>    <!--Dato fijo-->
                    <ENCFechaTrx>2022/08/18</ENCFechaTrx> <!--Fecha de envio de la transaccion con formato AAAA/MM/DD-->
                    <ENCHoraTrx>16:41:22</ENCHoraTrx>    <!--Hora de envio de transaccion-->
                    <ENCModo>L-C</ENCModo>  <!--Dato fijo-->
                    <ENCTipoProc>Standar</ENCTipoProc>  <!--Dato fijo-->
                    <ENCConsTrx>888</ENCConsTrx>    <!--Consecutivo que va a quedar identificando la transaccion-->
                    <ENCTasaConversion>1</ENCTasaConversion>    <!--Dato fijo-->        

                    <ENCTotalReferencias>1</ENCTotalReferencias><!--Suma del total de unidades enviadas en la transaccion (Suma IRFCantidad de cada una de las referencias ingresadas)-->
                    
                    <ENCBruto>0</ENCBruto>  <!--Dato fijo-->
                    <ENCDescuento>0</ENCDescuento>  <!--Dato fijo-->
                    <ENCPagNoVenta>0</ENCPagNoVenta>    <!--Dato fijo-->
                    <ENCVenta>0</ENCVenta>  <!--Dato fijo-->
                    <ENCImpuestos>0</ENCImpuestos>  <!--Dato fijo-->
                    <ENCComision>0</ENCComision>    <!--Dato fijo-->
                    <ENCNeto>0</ENCNeto>    <!--Dato fijo-->
                    <ENCRecaudo>0</ENCRecaudo>  <!--Dato fijo-->
                    <ENCImpuestoAsumido>0</ENCImpuestoAsumido>  <!--Dato fijo-->
                    <ENCPuntos>0</ENCPuntos>    <!--Dato fijo-->
                    <ENCEstadoLinea>L</ENCEstadoLinea>  <!--Dato fijo-->
                    <ENCRespuesta>OK</ENCRespuesta> <!--Dato fijo-->
                    <ENCDescRespuesta>NO APLICA</ENCDescRespuesta>  <!--Dato fijo-->
                </encabezado>                
                
                <detalle>
                    <items>
                        <item Imprime="True" Visible="True" Tipo="Letra" nitem="1">
                            <ICPPresentacion>888</ICPPresentacion><!--Numero de Pedido web-->
                            <ICPDescripcion>Numero de Pedido Web</ICPDescripcion><!--Dato fijo-->
                            <ICPCadena>888</ICPCadena><!--Numero de Pedido web-->
                            <ICPLetra>NUMPEDW</ICPLetra><!--Dato fijo-->                                
                        </item>                        

                        <item Imprime="True" Visible="True" Tipo="Letra" nitem="2">
                            <ICPPresentacion>0970630</ICPPresentacion><!--Numero de Cedula Cliente-->
                            <ICPDescripcion>Identificaci&#xF3;n</ICPDescripcion><!--Dato fijo-->
                            <ICPCadena>0970630</ICPCadena><!--Numero de Cedula Cliente-->
                            <ICPLetra>CLI</ICPLetra><!--Dato fijo-->
                        </item>                        

                        <item Tipo="Letra" Visible="True" Imprime="True" nitem="3">
                            <ICPPresentacion>C&#xC9;DULA DE CIUDADAN&#xCD;A</ICPPresentacion>
                            <ICPDescripcion>Tipo Documento FE</ICPDescripcion>
                            <ICPCadena>CC</ICPCadena>
                            <ICPLetra>TDPJFE</ICPLetra>
                        </item>
                        
                        <item Tipo="Letra" Visible="True" Imprime="True" nitem="4">
                            <ICPPresentacion>Socio pruebas</ICPPresentacion><!--Nombre y apellido del cliente-->
                            <ICPDescripcion>Nombres</ICPDescripcion><!--Dato fijo-->
                            <ICPCadena>Socio pruebas</ICPCadena><!--Nombre y apellido del cliente-->
                            <ICPLetra>NOM</ICPLetra><!--Dato fijo-->
                        </item>

                        <item Tipo="Letra" Visible="True" Imprime="True" nitem="5">
                            <ICPPresentacion>pruebas</ICPPresentacion>
                            <ICPDescripcion>Apellidos</ICPDescripcion>
                            <ICPCadena>pruebas</ICPCadena>
                            <ICPLetra>APE</ICPLetra>
                        </item>

                        <item Imprime="True" Visible="True" Tipo="Letra" nitem="6">
                            <ICPPresentacion>PruebaDomicilio1</ICPPresentacion><!--Direccion del cliente-->
                            <ICPDescripcion>Direcci&#xF3;n</ICPDescripcion><!--Dato fijo-->
                            <ICPCadena>PruebaDomicilio1</ICPCadena><!--Direccion del cliente-->
                            <ICPLetra>DIR</ICPLetra><!--Dato fijo-->
                        </item> 

                        <item Imprime="True" Visible="True" Tipo="Letra" nitem="7">
                            <ICPPresentacion>56465465</ICPPresentacion><!--Numero de Celular del cliente-->
                            <ICPDescripcion>Telefono</ICPDescripcion><!--Dato fijo-->
                            <ICPCadena>56465465</ICPCadena><!--Numero de celular del cliente-->
                            <ICPLetra>TEL</ICPLetra><!--Dato fijo-->
                        </item>

                        <item Imprime="True" Visible="True" Tipo="Letra" nitem="8">
                            <ICPPresentacion>jersonfabian8@gmail.com</ICPPresentacion><!--Correo electronico de cliente-->
                            <ICPDescripcion>Correo Electronico</ICPDescripcion><!--Dato fijo-->
                            <ICPCadena>jersonfabian8@gmail.com</ICPCadena><!--Correo electronico del cliente-->
                            <ICPLetra>MAIL</ICPLetra><!--Dato fijo-->
                        </item>

                        <item Imprime="True" Visible="True" Tipo="Letra" nitem="9">
                            <ICPPresentacion/><!--Observacion ingresada por el cliente-->
                            <ICPDescripcion>Observacion</ICPDescripcion><!--Dato fijo-->
                            <ICPCadena/><!--Observacion ingresada por el cliente-->
                            <ICPLetra>OBS</ICPLetra><!--Dato fijo-->
                        </item>

                        <item Imprime="True" Visible="True" Tipo="Letra" nitem="10">
                            <ICPPresentacion>109 Apps</ICPPresentacion><!--Nombre del Vendedor definido por BTCC-->
                            <ICPDescripcion>Vendedor</ICPDescripcion><!--Dato fijo-->
                            <ICPCadena>pdprgalvis</ICPCadena><!--Codigo del Vendedor definido por BTCC (Debe existir el usuario en COMERSSIA)-->
                            <ICPLetra>VEN</ICPLetra><!--Dato fijo-->
                        </item>

                        <item Tipo="Letra" Visible="True" Imprime="False" nitem="11">
                            <ICPPresentacion>COMEDOR PRINCIPAL</ICPPresentacion>
                            <ICPDescripcion>Almacen</ICPDescripcion>
                            <ICPCadena>A1301</ICPCadena>
                            <ICPLetra>ALMD</ICPLetra>
                        </item>

                        
                        <item Visible="True" Tipo="Referencia" nitem="12" Tiporef="normal">
                            <REFCodClasificacion>00001000060000100250</REFCodClasificacion>
                            <REFCodigo1>ARC010</REFCodigo1><!--Codigo 1 de referencia-->
                            <REFNombreLargo>SANDWICH DE POLLO ESPECIAL</REFNombreLargo><!--Dato fijo-->                           

                            <REFPrecioLista>12500.00</REFPrecioLista><!--Precio unitario de referencia-->
                            <IRFBruto>12500.00</IRFBruto><!--Precio unitario * cantidad-->
                            <IRFDescuento>0</IRFDescuento><!--Dato fijo-->
                            <IRFPago>12500.00</IRFPago><!--Precio unitario * cantidad-->
                            <IRFCantidad>1</IRFCantidad><!--Cantidad de referencia-->

                            <IRFValorImpuesto>926</IRFValorImpuesto><!--Valor de impuesto de la referncia-->                            
                            <IRFImpuesto>8</IRFImpuesto><!--Porcentaje de impuesto de la referencia enviada--> 

                            <REFEsCombo>0</REFEsCombo><!--Dato fijo-->
                            <REFUltimoCosto>0</REFUltimoCosto><!--Dato fijo-->
                            <PRVCodigo/><!--Dato fijo-->
                            <REFCapturaSerial>false</REFCapturaSerial><!--Dato fijo-->
                            <REFManejaLotes>false</REFManejaLotes><!--Dato fijo-->
                            <REFFactorConversion>1</REFFactorConversion><!--Dato fijo-->
                            <REFInventario>true</REFInventario><!--Dato fijo-->
                            <REFEsParaVenta>true</REFEsParaVenta><!--Dato fijo-->
                            <estado>ACTIVO</estado><!--Dato fijo-->
                            <IRFPagNoVenta>0</IRFPagNoVenta><!--Dato fijo-->
                            <IRFVenta>0</IRFVenta><!--Precio unitario * cantidad-->
                            <IRFValorImpuestoNeto>0</IRFValorImpuestoNeto><!--Dato fijo-->
                            <IRFComision>0</IRFComision><!--Dato fijo-->
                            <IRFImpuestoAsumido>0</IRFImpuestoAsumido><!--Valor impuesto referencia-->
                            <IRFNeto>0</IRFNeto><!--Precio unitario * cantidad-->
                            <REFPuntos>0</REFPuntos><!--Dato fijo-->

                            <CAPTURAS>
                                <item Tipo="LetraDetalle" Imprime="false">
                                    <ICPPresentacion>UNIDAD - UNIDAD</ICPPresentacion>
                                    <ICPDescripcion>UNIDAD - UNIDAD</ICPDescripcion>
                                    <ICPCadena>UND</ICPCadena>
                                    <ICPLetra>PRES</ICPLetra>
                                    <ICPValorNumerico>1</ICPValorNumerico>
                                </item>
                            </CAPTURAS>   
                            
                            
                        <INSUMOS>
                            <item nitem="1" Tipo="Referencia" Tiporef="insumo" Visible="True" EsVariable="True">

                                <REFCodClasificacion>00001000060000100250</REFCodClasificacion>

                                <REFCodigo1>ARA029</REFCodigo1>

                                <REFNombreLargo>P. PAPA FRANCESA</REFNombreLargo>

                                <CARCodigo1>352</CARCodigo1>
                                <IRFCantidad>1</IRFCantidad>
                                <Estado>ACTIVO</Estado>
                                <PRVCodigo/>
                                <REFInventario>true</REFInventario>
                                <REFEsParaVenta>false</REFEsParaVenta>
                                <REFFactorConversion>1</REFFactorConversion>
                                <IRFVenta>0</IRFVenta>
                                <IRFBruto>0</IRFBruto>
                                <IRFValorImpuesto>0</IRFValorImpuesto>
                                <IRFNeto>0</IRFNeto>
                            </item>
                        </INSUMOS>

                        </item>

                        <item Imprime="false" Tipo="Letra" nitem="13">
                            <ICPPresentacion>2022-08-18 16:41:22</ICPPresentacion><!--Fecha y hora de transaccion-->
                            <ICPDescripcion>Fecha Trabajo</ICPDescripcion><!--Dato fijo-->
                            <ICPCadena>2022-08-18 16:41:22</ICPCadena><!--Fecha y hora de transaccion-->
                            <ICPLetra>PDPFA</ICPLetra><!--Dato fijo-->
                        </item>

                    </items>
                </detalle>               

            </transaccion>

